{"cameraMode":{"drawMode":0,"name":"Shaded","section":"Shading Mode"},"sceneLighting":true,"audioPlay":false,"sceneViewState":{"m_AlwaysRefresh":false,"showFog":true,"showSkybox":false,"showFlares":true,"showImageEffects":true,"showParticleSystems":true,"showVisualEffectGraphs":true,"m_FxEnabled":true},"in2DMode":false,"pivot":{"x":-0.009316205978393555,"y":1.7547138929367066,"z":-0.26355886459350588},"rotation":{"x":0.025140980258584024,"y":-0.5451810956001282,"z":0.016360342502593995,"w":0.8377811312675476},"size":2.7240755558013918,"orthographic":false}