{"cameraMode":{"drawMode":0,"name":"Shaded","section":"Shading Mode"},"sceneLighting":false,"audioPlay":false,"sceneViewState":{"m_AlwaysRefresh":false,"showFog":true,"showSkybox":false,"showFlares":true,"showImageEffects":true,"showParticleSystems":true,"showVisualEffectGraphs":true,"m_FxEnabled":true},"in2DMode":false,"pivot":{"x":0.12158014625310898,"y":0.046315163373947147,"z":-0.0017962902784347535},"rotation":{"x":0.18723653256893159,"y":-0.754852831363678,"z":0.243967667222023,"w":0.5793321132659912},"size":0.27879858016967776,"orthographic":true}