{"cameraMode":{"drawMode":0,"name":"Shaded","section":"Shading Mode"},"sceneLighting":false,"audioPlay":false,"sceneViewState":{"m_AlwaysRefresh":false,"showFog":true,"showSkybox":false,"showFlares":true,"showImageEffects":true,"showParticleSystems":true,"showVisualEffectGraphs":true,"m_FxEnabled":true},"in2DMode":false,"pivot":{"x":-0.00931619107723236,"y":1.1081616878509522,"z":-0.26355910301208498},"rotation":{"x":0.18723653256893159,"y":-0.754852831363678,"z":0.243967667222023,"w":0.5793321132659912},"size":0.2523716390132904,"orthographic":true}